Modelo,Accuracy,Precision,Recall,F1_Score
Logistic Regression,0.9556672760511883,0.17391304347826086,0.9090909090909091,0.291970802919708
Decision Tree,0.9661791590493601,0.14864864864864866,0.5,0.22916666666666666
Gradient Boosting,0.9844606946983546,0.2,0.18181818181818182,0.19047619047619047
Red Neuronal,0.9904021937842779,0.6666666666666666,0.09090909090909091,0.16
Random Forest,0.9881170018281535,0.25,0.09090909090909091,0.13333333333333333
